,title,url
0,시라유키 히나,https://namu.wiki/w/%EC%8B%9C%EB%9D%BC%EC%9C%A0%ED%82%A4%20%ED%9E%88%EB%82%98
1,스미요시 리온,https://namu.wiki/w/%EC%8A%A4%EB%AF%B8%EC%9A%94%EC%8B%9C%20%EB%A6%AC%EC%98%A8
2,위 아 애니멀스,https://namu.wiki/w/%EC%9C%84%20%EC%95%84%20%EC%95%A0%EB%8B%88%EB%A9%80%EC%8A%A4
3,백예슬,https://namu.wiki/w/%EB%B0%B1%EC%98%88%EC%8A%AC
4,2023 쇼트트랙 스피드 스케이팅 주니어 세계선수권 대회,https://namu.wiki/w/2023%20%EC%87%BC%ED%8A%B8%ED%8A%B8%EB%9E%99%20%EC%8A%A4%ED%94%BC%EB%93%9C%20%EC%8A%A4%EC%BC%80%EC%9D%B4%ED%8C%85%20%EC%A3%BC%EB%8B%88%EC%96%B4%20%EC%84%B8%EA%B3%84%EC%84%A0%EC%88%98%EA%B6%8C%20%EB%8C%80%ED%9A%8C
5,서울대학교/대학원/치의학대학원,https://namu.wiki/w/%EC%84%9C%EC%9A%B8%EB%8C%80%ED%95%99%EA%B5%90/%EB%8C%80%ED%95%99%EC%9B%90/%EC%B9%98%EC%9D%98%ED%95%99%EB%8C%80%ED%95%99%EC%9B%90
6,원신/임무/마신 임무/제7장,https://namu.wiki/w/%EC%9B%90%EC%8B%A0/%EC%9E%84%EB%AC%B4/%EB%A7%88%EC%8B%A0%20%EC%9E%84%EB%AC%B4/%EC%A0%9C7%EC%9E%A5
7,경종(조선)/독살설,https://namu.wiki/w/%EA%B2%BD%EC%A2%85(%EC%A1%B0%EC%84%A0)/%EB%8F%85%EC%82%B4%EC%84%A4
8,몬스터버스,https://namu.wiki/w/%EB%AA%AC%EC%8A%A4%ED%84%B0%EB%B2%84%EC%8A%A4
9,"GIVE ME FIVE, KEEP THAT VIBE",https://namu.wiki/w/GIVE%20ME%20FIVE%2C%20KEEP%20THAT%20VIBE
10,박승수,https://namu.wiki/w/%EB%B0%95%EC%8A%B9%EC%88%98
11,2022 쇼트트랙 스피드 스케이팅 주니어 세계선수권 대회,https://namu.wiki/w/2022%20%EC%87%BC%ED%8A%B8%ED%8A%B8%EB%9E%99%20%EC%8A%A4%ED%94%BC%EB%93%9C%20%EC%8A%A4%EC%BC%80%EC%9D%B4%ED%8C%85%20%EC%A3%BC%EB%8B%88%EC%96%B4%20%EC%84%B8%EA%B3%84%EC%84%A0%EC%88%98%EA%B6%8C%20%EB%8C%80%ED%9A%8C
12,젤다의 전설 시간의 오카리나(2026),https://namu.wiki/w/%EC%A0%A4%EB%8B%A4%EC%9D%98%20%EC%A0%84%EC%84%A4%20%EC%8B%9C%EA%B0%84%EC%9D%98%20%EC%98%A4%EC%B9%B4%EB%A6%AC%EB%82%98(2026)
13,탈태,https://namu.wiki/w/%ED%83%88%ED%83%9C
14,지우개,https://namu.wiki/w/%EC%A7%80%EC%9A%B0%EA%B0%9C
15,백예슬,https://namu.wiki/w/%EB%B0%B1%EC%98%88%EC%8A%AC
16,합동군,https://namu.wiki/w/%ED%95%A9%EB%8F%99%EA%B5%B0
17,틀:대한민국의 치과대학,https://namu.wiki/w/%ED%8B%80:%EB%8C%80%ED%95%9C%EB%AF%BC%EA%B5%AD%EC%9D%98%20%EC%B9%98%EA%B3%BC%EB%8C%80%ED%95%99
18,매니큐어/캐릭터,https://namu.wiki/w/%EB%A7%A4%EB%8B%88%ED%81%90%EC%96%B4/%EC%BA%90%EB%A6%AD%ED%84%B0
19,테라 레이드배틀,https://namu.wiki/w/%ED%85%8C%EB%9D%BC%20%EB%A0%88%EC%9D%B4%EB%93%9C%EB%B0%B0%ED%8B%80
20,위인 관련 정보,https://namu.wiki/w/%EC%9C%84%EC%9D%B8%20%EA%B4%80%EB%A0%A8%20%EC%A0%95%EB%B3%B4
21,2021 쇼트트랙 스피드 스케이팅 주니어 세계선수권 대회,https://namu.wiki/w/2021%20%EC%87%BC%ED%8A%B8%ED%8A%B8%EB%9E%99%20%EC%8A%A4%ED%94%BC%EB%93%9C%20%EC%8A%A4%EC%BC%80%EC%9D%B4%ED%8C%85%20%EC%A3%BC%EB%8B%88%EC%96%B4%20%EC%84%B8%EA%B3%84%EC%84%A0%EC%88%98%EA%B6%8C%20%EB%8C%80%ED%9A%8C
22,큐베레이,https://namu.wiki/w/%ED%81%90%EB%B2%A0%EB%A0%88%EC%9D%B4
23,대구간송미술관,https://namu.wiki/w/%EB%8C%80%EA%B5%AC%EA%B0%84%EC%86%A1%EB%AF%B8%EC%88%A0%EA%B4%80
24,파일:서울대학교 치의학대학원 로고.png,https://namu.wiki/w/%ED%8C%8C%EC%9D%BC:%EC%84%9C%EC%9A%B8%EB%8C%80%ED%95%99%EA%B5%90%20%EC%B9%98%EC%9D%98%ED%95%99%EB%8C%80%ED%95%99%EC%9B%90%20%EB%A1%9C%EA%B3%A0.png
25,오마이걸/공연 및 행사,https://namu.wiki/w/%EC%98%A4%EB%A7%88%EC%9D%B4%EA%B1%B8/%EA%B3%B5%EC%97%B0%20%EB%B0%8F%20%ED%96%89%EC%82%AC
26,사용자:SamSara,https://namu.wiki/w/%EC%82%AC%EC%9A%A9%EC%9E%90:SamSara
27,폴 개스코인,https://namu.wiki/w/%ED%8F%B4%20%EA%B0%9C%EC%8A%A4%EC%BD%94%EC%9D%B8
28,영혼의 성물함(하스스톤),https://namu.wiki/w/%EC%98%81%ED%98%BC%EC%9D%98%20%EC%84%B1%EB%AC%BC%ED%95%A8(%ED%95%98%EC%8A%A4%EC%8A%A4%ED%86%A4)
29,위인 관련 정보,https://namu.wiki/w/%EC%9C%84%EC%9D%B8%20%EA%B4%80%EB%A0%A8%20%EC%A0%95%EB%B3%B4
30,몬스터(먼작귀),https://namu.wiki/w/%EB%AA%AC%EC%8A%A4%ED%84%B0(%EB%A8%BC%EC%9E%91%EA%B7%80)
31,김민재,https://namu.wiki/w/%EA%B9%80%EB%AF%BC%EC%9E%AC
32,2020 쇼트트랙 스피드 스케이팅 주니어 세계선수권 대회,https://namu.wiki/w/2020%20%EC%87%BC%ED%8A%B8%ED%8A%B8%EB%9E%99%20%EC%8A%A4%ED%94%BC%EB%93%9C%20%EC%8A%A4%EC%BC%80%EC%9D%B4%ED%8C%85%20%EC%A3%BC%EB%8B%88%EC%96%B4%20%EC%84%B8%EA%B3%84%EC%84%A0%EC%88%98%EA%B6%8C%20%EB%8C%80%ED%9A%8C
33,Google+,https://namu.wiki/w/Google%2B
34,오카모토 미쓰나리,https://namu.wiki/w/%EC%98%A4%EC%B9%B4%EB%AA%A8%ED%86%A0%20%EB%AF%B8%EC%93%B0%EB%82%98%EB%A6%AC
35,포핸즈,https://namu.wiki/w/%ED%8F%AC%ED%95%B8%EC%A6%88
36,SELECTION BOX Vol.5,https://namu.wiki/w/SELECTION%20BOX%20Vol.5
37,덱스(방송인)/피의 게임,https://namu.wiki/w/%EB%8D%B1%EC%8A%A4(%EB%B0%A9%EC%86%A1%EC%9D%B8)/%ED%94%BC%EC%9D%98%20%EA%B2%8C%EC%9E%84
38,월봉역,https://namu.wiki/w/%EC%9B%94%EB%B4%89%EC%97%AD
39,I SPY(NCT WISH),https://namu.wiki/w/I%20SPY(NCT%20WISH)
40,이강모,https://namu.wiki/w/%EC%9D%B4%EA%B0%95%EB%AA%A8
41,2019 쇼트트랙 스피드 스케이팅 주니어 세계선수권 대회,https://namu.wiki/w/2019%20%EC%87%BC%ED%8A%B8%ED%8A%B8%EB%9E%99%20%EC%8A%A4%ED%94%BC%EB%93%9C%20%EC%8A%A4%EC%BC%80%EC%9D%B4%ED%8C%85%20%EC%A3%BC%EB%8B%88%EC%96%B4%20%EC%84%B8%EA%B3%84%EC%84%A0%EC%88%98%EA%B6%8C%20%EB%8C%80%ED%9A%8C
42,안양 정관장 레드부스터스,https://namu.wiki/w/%EC%95%88%EC%96%91%20%EC%A0%95%EA%B4%80%EC%9E%A5%20%EB%A0%88%EB%93%9C%EB%B6%80%EC%8A%A4%ED%84%B0%EC%8A%A4
43,정복자 캉(90년대 마블 애니메이션 시리즈),https://namu.wiki/w/%EC%A0%95%EB%B3%B5%EC%9E%90%20%EC%BA%89(90%EB%85%84%EB%8C%80%20%EB%A7%88%EB%B8%94%20%EC%95%A0%EB%8B%88%EB%A9%94%EC%9D%B4%EC%85%98%20%EC%8B%9C%EB%A6%AC%EC%A6%88)
44,소녀 (리듬 천국 시리즈),https://namu.wiki/w/%EC%86%8C%EB%85%80%20(%EB%A6%AC%EB%93%AC%20%EC%B2%9C%EA%B5%AD%20%EC%8B%9C%EB%A6%AC%EC%A6%88)
45,김동엽(1990),https://namu.wiki/w/%EA%B9%80%EB%8F%99%EC%97%BD(1990)
46,2018 쇼트트랙 스피드 스케이팅 주니어 세계선수권 대회,https://namu.wiki/w/2018%20%EC%87%BC%ED%8A%B8%ED%8A%B8%EB%9E%99%20%EC%8A%A4%ED%94%BC%EB%93%9C%20%EC%8A%A4%EC%BC%80%EC%9D%B4%ED%8C%85%20%EC%A3%BC%EB%8B%88%EC%96%B4%20%EC%84%B8%EA%B3%84%EC%84%A0%EC%88%98%EA%B6%8C%20%EB%8C%80%ED%9A%8C
47,피닉스(클래시 오브 클랜),https://namu.wiki/w/%ED%94%BC%EB%8B%89%EC%8A%A4(%ED%81%B4%EB%9E%98%EC%8B%9C%20%EC%98%A4%EB%B8%8C%20%ED%81%B4%EB%9E%9C)
48,킹 제임스 성경,https://namu.wiki/w/%ED%82%B9%20%EC%A0%9C%EC%9E%84%EC%8A%A4%20%EC%84%B1%EA%B2%BD
49,몬스터(먼작귀),https://namu.wiki/w/%EB%AA%AC%EC%8A%A4%ED%84%B0(%EB%A8%BC%EC%9E%91%EA%B7%80)
50,스미요시 리온,https://namu.wiki/w/%EC%8A%A4%EB%AF%B8%EC%9A%94%EC%8B%9C%20%EB%A6%AC%EC%98%A8
51,2008년/사망,https://namu.wiki/w/2008%EB%85%84/%EC%82%AC%EB%A7%9D
52,고릴타,https://namu.wiki/w/%EA%B3%A0%EB%A6%B4%ED%83%80
53,김동엽(1990),https://namu.wiki/w/%EA%B9%80%EB%8F%99%EC%97%BD(1990)
54,동로마 제국,https://namu.wiki/w/%EB%8F%99%EB%A1%9C%EB%A7%88%20%EC%A0%9C%EA%B5%AD
55,2026 Demacia Cup Global Invitational/그룹 스테이지/3라운드,https://namu.wiki/w/2026%20Demacia%20Cup%20Global%20Invitational/%EA%B7%B8%EB%A3%B9%20%EC%8A%A4%ED%85%8C%EC%9D%B4%EC%A7%80/3%EB%9D%BC%EC%9A%B4%EB%93%9C
56,2017 쇼트트랙 스피드 스케이팅 주니어 세계선수권 대회,https://namu.wiki/w/2017%20%EC%87%BC%ED%8A%B8%ED%8A%B8%EB%9E%99%20%EC%8A%A4%ED%94%BC%EB%93%9C%20%EC%8A%A4%EC%BC%80%EC%9D%B4%ED%8C%85%20%EC%A3%BC%EB%8B%88%EC%96%B4%20%EC%84%B8%EA%B3%84%EC%84%A0%EC%88%98%EA%B6%8C%20%EB%8C%80%ED%9A%8C
57,맨체스터 시티 FC 재정 규정 위반,https://namu.wiki/w/%EB%A7%A8%EC%B2%B4%EC%8A%A4%ED%84%B0%20%EC%8B%9C%ED%8B%B0%20FC%20%EC%9E%AC%EC%A0%95%20%EA%B7%9C%EC%A0%95%20%EC%9C%84%EB%B0%98
58,국민모임,https://namu.wiki/w/%EA%B5%AD%EB%AF%BC%EB%AA%A8%EC%9E%84
59,오마이걸/공연 및 행사,https://namu.wiki/w/%EC%98%A4%EB%A7%88%EC%9D%B4%EA%B1%B8/%EA%B3%B5%EC%97%B0%20%EB%B0%8F%20%ED%96%89%EC%82%AC
60,파일:[예정된 회의] I SPY ☆ 스포일러 화상 미팅 진행 안내.jpg,https://namu.wiki/w/%ED%8C%8C%EC%9D%BC:%5B%EC%98%88%EC%A0%95%EB%90%9C%20%ED%9A%8C%EC%9D%98%5D%20I%20SPY%20%E2%98%86%20%EC%8A%A4%ED%8F%AC%EC%9D%BC%EB%9F%AC%20%ED%99%94%EC%83%81%20%EB%AF%B8%ED%8C%85%20%EC%A7%84%ED%96%89%20%EC%95%88%EB%82%B4.jpg
61,알터(마스터 오브 이터니티),https://namu.wiki/w/%EC%95%8C%ED%84%B0(%EB%A7%88%EC%8A%A4%ED%84%B0%20%EC%98%A4%EB%B8%8C%20%EC%9D%B4%ED%84%B0%EB%8B%88%ED%8B%B0)
62,사용자:SamSara,https://namu.wiki/w/%EC%82%AC%EC%9A%A9%EC%9E%90:SamSara
63,하이픽셀/Bed Wars,https://namu.wiki/w/%ED%95%98%EC%9D%B4%ED%94%BD%EC%85%80/Bed%20Wars
64,피닉스(클래시 오브 클랜),https://namu.wiki/w/%ED%94%BC%EB%8B%89%EC%8A%A4(%ED%81%B4%EB%9E%98%EC%8B%9C%20%EC%98%A4%EB%B8%8C%20%ED%81%B4%EB%9E%9C)
65,부천 버스 27,https://namu.wiki/w/%EB%B6%80%EC%B2%9C%20%EB%B2%84%EC%8A%A4%2027
66,2016 쇼트트랙 스피드 스케이팅 주니어 세계선수권 대회,https://namu.wiki/w/2016%20%EC%87%BC%ED%8A%B8%ED%8A%B8%EB%9E%99%20%EC%8A%A4%ED%94%BC%EB%93%9C%20%EC%8A%A4%EC%BC%80%EC%9D%B4%ED%8C%85%20%EC%A3%BC%EB%8B%88%EC%96%B4%20%EC%84%B8%EA%B3%84%EC%84%A0%EC%88%98%EA%B6%8C%20%EB%8C%80%ED%9A%8C
67,폴 개스코인,https://namu.wiki/w/%ED%8F%B4%20%EA%B0%9C%EC%8A%A4%EC%BD%94%EC%9D%B8
68,두만강자동차다리,https://namu.wiki/w/%EB%91%90%EB%A7%8C%EA%B0%95%EC%9E%90%EB%8F%99%EC%B0%A8%EB%8B%A4%EB%A6%AC
69,2015 쇼트트랙 스피드 스케이팅 주니어 세계선수권 대회,https://namu.wiki/w/2015%20%EC%87%BC%ED%8A%B8%ED%8A%B8%EB%9E%99%20%EC%8A%A4%ED%94%BC%EB%93%9C%20%EC%8A%A4%EC%BC%80%EC%9D%B4%ED%8C%85%20%EC%A3%BC%EB%8B%88%EC%96%B4%20%EC%84%B8%EA%B3%84%EC%84%A0%EC%88%98%EA%B6%8C%20%EB%8C%80%ED%9A%8C
70,틀:대한민국의 사망 및 실종 사건 사고,https://namu.wiki/w/%ED%8B%80:%EB%8C%80%ED%95%9C%EB%AF%BC%EA%B5%AD%EC%9D%98%20%EC%82%AC%EB%A7%9D%20%EB%B0%8F%20%EC%8B%A4%EC%A2%85%20%EC%82%AC%EA%B1%B4%20%EC%82%AC%EA%B3%A0
71,야스민(캡콤),https://namu.wiki/w/%EC%95%BC%EC%8A%A4%EB%AF%BC(%EC%BA%A1%EC%BD%A4)
72,2026 울산-KBO Fall League,https://namu.wiki/w/2026%20%EC%9A%B8%EC%82%B0-KBO%20Fall%20League
73,몬스터(먼작귀),https://namu.wiki/w/%EB%AA%AC%EC%8A%A4%ED%84%B0(%EB%A8%BC%EC%9E%91%EA%B7%80)
74,라이브러리컴퍼니,https://namu.wiki/w/%EB%9D%BC%EC%9D%B4%EB%B8%8C%EB%9F%AC%EB%A6%AC%EC%BB%B4%ED%8D%BC%EB%8B%88
75,전투식량/미군,https://namu.wiki/w/%EC%A0%84%ED%88%AC%EC%8B%9D%EB%9F%89/%EB%AF%B8%EA%B5%B0
76,홍낙춘,https://namu.wiki/w/%ED%99%8D%EB%82%99%EC%B6%98
77,2014 쇼트트랙 스피드 스케이팅 주니어 세계선수권 대회,https://namu.wiki/w/2014%20%EC%87%BC%ED%8A%B8%ED%8A%B8%EB%9E%99%20%EC%8A%A4%ED%94%BC%EB%93%9C%20%EC%8A%A4%EC%BC%80%EC%9D%B4%ED%8C%85%20%EC%A3%BC%EB%8B%88%EC%96%B4%20%EC%84%B8%EA%B3%84%EC%84%A0%EC%88%98%EA%B6%8C%20%EB%8C%80%ED%9A%8C
78,갤럭시 A18,https://namu.wiki/w/%EA%B0%A4%EB%9F%AD%EC%8B%9C%20A18
79,삼프리카,https://namu.wiki/w/%EC%82%BC%ED%94%84%EB%A6%AC%EC%B9%B4
80,모모세 긴코/러브 라이브! 시리즈 오피셜 카드 게임,https://namu.wiki/w/%EB%AA%A8%EB%AA%A8%EC%84%B8%20%EA%B8%B4%EC%BD%94/%EB%9F%AC%EB%B8%8C%20%EB%9D%BC%EC%9D%B4%EB%B8%8C!%20%EC%8B%9C%EB%A6%AC%EC%A6%88%20%EC%98%A4%ED%94%BC%EC%85%9C%20%EC%B9%B4%EB%93%9C%20%EA%B2%8C%EC%9E%84
81,이중근(기업인),https://namu.wiki/w/%EC%9D%B4%EC%A4%91%EA%B7%BC(%EA%B8%B0%EC%97%85%EC%9D%B8)
82,2013 쇼트트랙 스피드 스케이팅 주니어 세계선수권 대회,https://namu.wiki/w/2013%20%EC%87%BC%ED%8A%B8%ED%8A%B8%EB%9E%99%20%EC%8A%A4%ED%94%BC%EB%93%9C%20%EC%8A%A4%EC%BC%80%EC%9D%B4%ED%8C%85%20%EC%A3%BC%EB%8B%88%EC%96%B4%20%EC%84%B8%EA%B3%84%EC%84%A0%EC%88%98%EA%B6%8C%20%EB%8C%80%ED%9A%8C
83,하이픽셀/Bed Wars,https://namu.wiki/w/%ED%95%98%EC%9D%B4%ED%94%BD%EC%85%80/Bed%20Wars
84,마남 이치,https://namu.wiki/w/%EB%A7%88%EB%82%A8%20%EC%9D%B4%EC%B9%98
85,워크래프트 3/캠페인/포세이큰 왕국,https://namu.wiki/w/%EC%9B%8C%ED%81%AC%EB%9E%98%ED%94%84%ED%8A%B8%203/%EC%BA%A0%ED%8E%98%EC%9D%B8/%ED%8F%AC%EC%84%B8%EC%9D%B4%ED%81%B0%20%EC%99%95%EA%B5%AD
86,아리사카 코하나,https://namu.wiki/w/%EC%95%84%EB%A6%AC%EC%82%AC%EC%B9%B4%20%EC%BD%94%ED%95%98%EB%82%98
87,홍낙춘,https://namu.wiki/w/%ED%99%8D%EB%82%99%EC%B6%98
88,몬스터(먼작귀),https://namu.wiki/w/%EB%AA%AC%EC%8A%A4%ED%84%B0(%EB%A8%BC%EC%9E%91%EA%B7%80)
89,위인 관련 정보,https://namu.wiki/w/%EC%9C%84%EC%9D%B8%20%EA%B4%80%EB%A0%A8%20%EC%A0%95%EB%B3%B4
90,모모세 긴코/러브 라이브! 시리즈 오피셜 카드 게임,https://namu.wiki/w/%EB%AA%A8%EB%AA%A8%EC%84%B8%20%EA%B8%B4%EC%BD%94/%EB%9F%AC%EB%B8%8C%20%EB%9D%BC%EC%9D%B4%EB%B8%8C!%20%EC%8B%9C%EB%A6%AC%EC%A6%88%20%EC%98%A4%ED%94%BC%EC%85%9C%20%EC%B9%B4%EB%93%9C%20%EA%B2%8C%EC%9E%84
91,괴도 키드,https://namu.wiki/w/%EA%B4%B4%EB%8F%84%20%ED%82%A4%EB%93%9C
92,이와코(기업),https://namu.wiki/w/%EC%9D%B4%EC%99%80%EC%BD%94(%EA%B8%B0%EC%97%85)
93,마이클 올리세/국가대표 경력,https://namu.wiki/w/%EB%A7%88%EC%9D%B4%ED%81%B4%20%EC%98%AC%EB%A6%AC%EC%84%B8/%EA%B5%AD%EA%B0%80%EB%8C%80%ED%91%9C%20%EA%B2%BD%EB%A0%A5
94,2012 쇼트트랙 스피드 스케이팅 주니어 세계선수권 대회,https://namu.wiki/w/2012%20%EC%87%BC%ED%8A%B8%ED%8A%B8%EB%9E%99%20%EC%8A%A4%ED%94%BC%EB%93%9C%20%EC%8A%A4%EC%BC%80%EC%9D%B4%ED%8C%85%20%EC%A3%BC%EB%8B%88%EC%96%B4%20%EC%84%B8%EA%B3%84%EC%84%A0%EC%88%98%EA%B6%8C%20%EB%8C%80%ED%9A%8C
95,2008년/사망,https://namu.wiki/w/2008%EB%85%84/%EC%82%AC%EB%A7%9D
96,616번 교토부도,https://namu.wiki/w/616%EB%B2%88%20%EA%B5%90%ED%86%A0%EB%B6%80%EB%8F%84
97,에이나,https://namu.wiki/w/%EC%97%90%EC%9D%B4%EB%82%98
98,안양 정관장 레드부스터스,https://namu.wiki/w/%EC%95%88%EC%96%91%20%EC%A0%95%EA%B4%80%EC%9E%A5%20%EB%A0%88%EB%93%9C%EB%B6%80%EC%8A%A4%ED%84%B0%EC%8A%A4
99,마지무리 학원,https://namu.wiki/w/%EB%A7%88%EC%A7%80%EB%AC%B4%EB%A6%AC%20%ED%95%99%EC%9B%90
